7'1-2034,d,s,m,s,y,y,y,y
"10,2-2090",d,d,s,m,s,y,y,y,y
7/2'2100,d,s,m,s,y,y,y,y
9 9/2007,d,s,m,s,y,y,y,y
"13-10,2044",d,d,s,m,m,s,y,y,y,y
"18/7,2036",d,d,s,m,s,y,y,y,y
30'9 2100,d,d,s,m,s,y,y,y,y
10-1'2086,d,d,s,m,s,y,y,y,y
"10,11-2088",d,d,s,m,m,s,y,y,y,y
7-11/2024,d,s,m,m,s,y,y,y,y
3-2/2049,d,s,m,s,y,y,y,y
26 8/2031,d,d,s,m,s,y,y,y,y
"23'7,2035",d,d,s,m,s,y,y,y,y
26/4'2088,d,d,s,m,s,y,y,y,y
3'6/2000,d,s,m,s,y,y,y,y
4-10/2015,d,s,m,m,s,y,y,y,y
2 10 2055,d,s,m,m,s,y,y,y,y
15'10/2054,d,d,s,m,m,s,y,y,y,y
"24 6,2048",d,d,s,m,s,y,y,y,y
8/2-2066,d,s,m,s,y,y,y,y
"3 4,2088",d,s,m,s,y,y,y,y
4/8/2049,d,s,m,s,y,y,y,y
1/11'2058,d,s,m,m,s,y,y,y,y
28/3'2097,d,d,s,m,s,y,y,y,y
7/5'2052,d,s,m,s,y,y,y,y
20/6'2083,d,d,s,m,s,y,y,y,y
"16-11,2070",d,d,s,m,m,s,y,y,y,y
26 10 2042,d,d,s,m,m,s,y,y,y,y
2/2 2007,d,s,m,s,y,y,y,y
4'5/2029,d,s,m,s,y,y,y,y
"31,3/2036",d,d,s,m,s,y,y,y,y
14 7/2057,d,d,s,m,s,y,y,y,y
28-10-2074,d,d,s,m,m,s,y,y,y,y
"7 4,2013",d,s,m,s,y,y,y,y
"14,7,2059",d,d,s,m,s,y,y,y,y
20-6'2063,d,d,s,m,s,y,y,y,y
21'12 2020,d,d,s,m,m,s,y,y,y,y
1-1-2016,d,s,m,s,y,y,y,y
3-9-2060,d,s,m,s,y,y,y,y
1 8/2078,d,s,m,s,y,y,y,y
"29,12-2016",d,d,s,m,m,s,y,y,y,y
8 1'2029,d,s,m,s,y,y,y,y
17-12-2034,d,d,s,m,m,s,y,y,y,y
"27,1,2072",d,d,s,m,s,y,y,y,y
7-5 2074,d,s,m,s,y,y,y,y
"10,12-2085",d,d,s,m,m,s,y,y,y,y
2-5'2005,d,s,m,s,y,y,y,y
"24 5,2006",d,d,s,m,s,y,y,y,y
"16,5'2052",d,d,s,m,s,y,y,y,y
"30,2 2015",d,d,s,m,s,y,y,y,y
11/05'2032,d,d,s,m,m,s,y,y,y,y
30-04'2076,d,d,s,m,m,s,y,y,y,y
12'08'2071,d,d,s,m,m,s,y,y,y,y
01-12-2004,d,d,s,m,m,s,y,y,y,y
05-11-2019,d,d,s,m,m,s,y,y,y,y
16-11-2080,d,d,s,m,m,s,y,y,y,y
05'11 2075,d,d,s,m,m,s,y,y,y,y
"04 02,2063",d,d,s,m,m,s,y,y,y,y
06'01'2029,d,d,s,m,m,s,y,y,y,y
20 07/2009,d,d,s,m,m,s,y,y,y,y
04 09'2039,d,d,s,m,m,s,y,y,y,y
09 04-2031,d,d,s,m,m,s,y,y,y,y
05-08'2055,d,d,s,m,m,s,y,y,y,y
11/09/2072,d,d,s,m,m,s,y,y,y,y
"28'03,2057",d,d,s,m,m,s,y,y,y,y
"25'03,2015",d,d,s,m,m,s,y,y,y,y
08/12 2096,d,d,s,m,m,s,y,y,y,y
07-10/2044,d,d,s,m,m,s,y,y,y,y
07'01-2023,d,d,s,m,m,s,y,y,y,y
"25/12,2098",d,d,s,m,m,s,y,y,y,y
"10,08,2001",d,d,s,m,m,s,y,y,y,y
"14'08,2093",d,d,s,m,m,s,y,y,y,y
11/12/2000,d,d,s,m,m,s,y,y,y,y
"01/12,2006",d,d,s,m,m,s,y,y,y,y
22-05-2042,d,d,s,m,m,s,y,y,y,y
"18'05,2072",d,d,s,m,m,s,y,y,y,y
31-01'2090,d,d,s,m,m,s,y,y,y,y
"29,01 2016",d,d,s,m,m,s,y,y,y,y
09/12/2053,d,d,s,m,m,s,y,y,y,y
"24,06/2036",d,d,s,m,m,s,y,y,y,y
03'03'2053,d,d,s,m,m,s,y,y,y,y
13'08'2011,d,d,s,m,m,s,y,y,y,y
11'04 2045,d,d,s,m,m,s,y,y,y,y
"18,12,2026",d,d,s,m,m,s,y,y,y,y
01-08-2031,d,d,s,m,m,s,y,y,y,y
18-12 2093,d,d,s,m,m,s,y,y,y,y
16/12-2053,d,d,s,m,m,s,y,y,y,y
02-02'2022,d,d,s,m,m,s,y,y,y,y
"08,05/2040",d,d,s,m,m,s,y,y,y,y
05-10'2097,d,d,s,m,m,s,y,y,y,y
"02 08,2051",d,d,s,m,m,s,y,y,y,y
04 03/2073,d,d,s,m,m,s,y,y,y,y
16'11 2006,d,d,s,m,m,s,y,y,y,y
11/03-2024,d,d,s,m,m,s,y,y,y,y
13'01-2041,d,d,s,m,m,s,y,y,y,y
31-02'2097,d,d,s,m,m,s,y,y,y,y
05-12'2034,d,d,s,m,m,s,y,y,y,y
23-04'2010,d,d,s,m,m,s,y,y,y,y
01'05-2077,d,d,s,m,m,s,y,y,y,y
"13-09,2072",d,d,s,m,m,s,y,y,y,y
2-1'2099,m,s,d,s,y,y,y,y
"11,16/2045",m,m,s,d,d,s,y,y,y,y
5-3-2060,m,s,d,s,y,y,y,y
6 4-2036,m,s,d,s,y,y,y,y
"10-9,2007",m,m,s,d,s,y,y,y,y
2 30'2090,m,s,d,d,s,y,y,y,y
4-8'2023,m,s,d,s,y,y,y,y
6'11'2060,m,s,d,d,s,y,y,y,y
"3/3,2005",m,s,d,s,y,y,y,y
"4,3-2010",m,s,d,s,y,y,y,y
"8,1'2029",m,s,d,s,y,y,y,y
5'16-2007,m,s,d,d,s,y,y,y,y
12/2'2055,m,m,s,d,s,y,y,y,y
1 29-2039,m,s,d,d,s,y,y,y,y
7/13/2026,m,s,d,d,s,y,y,y,y
"10'6,2052",m,m,s,d,s,y,y,y,y
"5,19,2048",m,s,d,d,s,y,y,y,y
7'13/2060,m,s,d,d,s,y,y,y,y
2-15-2064,m,s,d,d,s,y,y,y,y
12-17 2057,m,m,s,d,d,s,y,y,y,y
11-7 2005,m,m,s,d,s,y,y,y,y
12 9/2065,m,m,s,d,s,y,y,y,y
"5 27,2043",m,s,d,d,s,y,y,y,y
"12,12 2076",m,m,s,d,d,s,y,y,y,y
5-26'2079,m,s,d,d,s,y,y,y,y
"9'27,2050",m,s,d,d,s,y,y,y,y
"4/27,2098",m,s,d,d,s,y,y,y,y
"7-25,2048",m,s,d,d,s,y,y,y,y
"11,24'2085",m,m,s,d,d,s,y,y,y,y
"12'21,2076",m,m,s,d,d,s,y,y,y,y
"4,2-2017",m,s,d,s,y,y,y,y
1 10 2079,m,s,d,d,s,y,y,y,y
5/9-2099,m,s,d,s,y,y,y,y
10 18 2096,m,m,s,d,d,s,y,y,y,y
"1/11,2065",m,s,d,d,s,y,y,y,y
11/3-2070,m,m,s,d,s,y,y,y,y
"1 15,2031",m,s,d,d,s,y,y,y,y
2'13-2023,m,s,d,d,s,y,y,y,y
6-24 2024,m,s,d,d,s,y,y,y,y
1 28-2017,m,s,d,d,s,y,y,y,y
3-1'2054,m,s,d,s,y,y,y,y
1/9'2048,m,s,d,s,y,y,y,y
"2'24,2036",m,s,d,d,s,y,y,y,y
"3,22-2019",m,s,d,d,s,y,y,y,y
"5 5,2054",m,s,d,s,y,y,y,y
6'15/2012,m,s,d,d,s,y,y,y,y
10/18-2071,m,m,s,d,d,s,y,y,y,y
"2,26/2004",m,s,d,d,s,y,y,y,y
"1/30,2032",m,s,d,d,s,y,y,y,y
3'10'2081,m,s,d,d,s,y,y,y,y
09 03-2079,m,m,s,d,d,s,y,y,y,y
07 13'2060,m,m,s,d,d,s,y,y,y,y
09/30'2077,m,m,s,d,d,s,y,y,y,y
03/01'2048,m,m,s,d,d,s,y,y,y,y
"03/10,2093",m,m,s,d,d,s,y,y,y,y
07'25 2012,m,m,s,d,d,s,y,y,y,y
04-20-2077,m,m,s,d,d,s,y,y,y,y
03'28-2038,m,m,s,d,d,s,y,y,y,y
01'13 2002,m,m,s,d,d,s,y,y,y,y
12-23-2057,m,m,s,d,d,s,y,y,y,y
"08-06,2003",m,m,s,d,d,s,y,y,y,y
"01'24,2099",m,m,s,d,d,s,y,y,y,y
"06,14-2060",m,m,s,d,d,s,y,y,y,y
04/29-2040,m,m,s,d,d,s,y,y,y,y
06'10 2063,m,m,s,d,d,s,y,y,y,y
"06,04/2054",m,m,s,d,d,s,y,y,y,y
12-29/2024,m,m,s,d,d,s,y,y,y,y
01-25/2086,m,m,s,d,d,s,y,y,y,y
03 25 2050,m,m,s,d,d,s,y,y,y,y
10 20'2092,m,m,s,d,d,s,y,y,y,y
04 01-2030,m,m,s,d,d,s,y,y,y,y
"07/10,2071",m,m,s,d,d,s,y,y,y,y
"11 30,2071",m,m,s,d,d,s,y,y,y,y
01/09/2049,m,m,s,d,d,s,y,y,y,y
06'25/2070,m,m,s,d,d,s,y,y,y,y
09-28-2013,m,m,s,d,d,s,y,y,y,y
"09/23,2065",m,m,s,d,d,s,y,y,y,y
"01'19,2033",m,m,s,d,d,s,y,y,y,y
"08,14/2032",m,m,s,d,d,s,y,y,y,y
06 20 2004,m,m,s,d,d,s,y,y,y,y
04/19 2086,m,m,s,d,d,s,y,y,y,y
05'19'2064,m,m,s,d,d,s,y,y,y,y
"04 27,2046",m,m,s,d,d,s,y,y,y,y
"08,06-2049",m,m,s,d,d,s,y,y,y,y
09/17-2056,m,m,s,d,d,s,y,y,y,y
12/17'2099,m,m,s,d,d,s,y,y,y,y
"03,29,2008",m,m,s,d,d,s,y,y,y,y
05'26 2066,m,m,s,d,d,s,y,y,y,y
08 17-2091,m,m,s,d,d,s,y,y,y,y
11/23/2009,m,m,s,d,d,s,y,y,y,y
07-24-2022,m,m,s,d,d,s,y,y,y,y
12-19 2082,m,m,s,d,d,s,y,y,y,y
"10,31 2022",m,m,s,d,d,s,y,y,y,y
04-29-2029,m,m,s,d,d,s,y,y,y,y
"11-21,2085",m,m,s,d,d,s,y,y,y,y
"11,16'2046",m,m,s,d,d,s,y,y,y,y
08'13'2094,m,m,s,d,d,s,y,y,y,y
"09,05'2088",m,m,s,d,d,s,y,y,y,y
07/30/2062,m,m,s,d,d,s,y,y,y,y
10'26-2001,m,m,s,d,d,s,y,y,y,y
2043'8'22,y,y,y,y,s,m,s,d,d
"2016/2,8",y,y,y,y,s,m,s,d
"2005'7,20",y,y,y,y,s,m,s,d,d
2050 3/16,y,y,y,y,s,m,s,d,d
"2047,3'14",y,y,y,y,s,m,s,d,d
2078/12-6,y,y,y,y,s,m,m,s,d
"2036'12,21",y,y,y,y,s,m,m,s,d,d
2033'8'29,y,y,y,y,s,m,s,d,d
2063'6'2,y,y,y,y,s,m,s,d
"2020,8,27",y,y,y,y,s,m,s,d,d
2018-4 3,y,y,y,y,s,m,s,d
2016/3/23,y,y,y,y,s,m,s,d,d
2095-3 2,y,y,y,y,s,m,s,d
2085'4 5,y,y,y,y,s,m,s,d
2031-12/19,y,y,y,y,s,m,m,s,d,d
2046/3/29,y,y,y,y,s,m,s,d,d
2013 8 18,y,y,y,y,s,m,s,d,d
2095/12'5,y,y,y,y,s,m,m,s,d
2021-6/15,y,y,y,y,s,m,s,d,d
"2060'2,26",y,y,y,y,s,m,s,d,d
"2045/12,8",y,y,y,y,s,m,m,s,d
2068/11 8,y,y,y,y,s,m,m,s,d
2032/6'25,y,y,y,y,s,m,s,d,d
2067-7-27,y,y,y,y,s,m,s,d,d
"2061 4,4",y,y,y,y,s,m,s,d
2005 8 7,y,y,y,y,s,m,s,d
2034 9-3,y,y,y,y,s,m,s,d
2001 3'22,y,y,y,y,s,m,s,d,d
"2031,3'14",y,y,y,y,s,m,s,d,d
2074/10/18,y,y,y,y,s,m,m,s,d,d
2000-6-21,y,y,y,y,s,m,s,d,d
"2061,1/29",y,y,y,y,s,m,s,d,d
"2085,4,20",y,y,y,y,s,m,s,d,d
2077 9-8,y,y,y,y,s,m,s,d
2097'11/24,y,y,y,y,s,m,m,s,d,d
"2081,4,16",y,y,y,y,s,m,s,d,d
2038/7 28,y,y,y,y,s,m,s,d,d
2031-9 11,y,y,y,y,s,m,s,d,d
"2098,2-30",y,y,y,y,s,m,s,d,d
2088 2 24,y,y,y,y,s,m,s,d,d
"2044,12/7",y,y,y,y,s,m,m,s,d
"2009,11 22",y,y,y,y,s,m,m,s,d,d
2096-7'13,y,y,y,y,s,m,s,d,d
"2080,2'24",y,y,y,y,s,m,s,d,d
"2091,11 6",y,y,y,y,s,m,m,s,d
2073-1'7,y,y,y,y,s,m,s,d
"2011,12'25",y,y,y,y,s,m,m,s,d,d
2061'2-9,y,y,y,y,s,m,s,d
2077'1'29,y,y,y,y,s,m,s,d,d
2098/8/27,y,y,y,y,s,m,s,d,d
2056'06'16,y,y,y,y,s,m,m,s,d,d
"2040-01,11",y,y,y,y,s,m,m,s,d,d
"2079,01'24",y,y,y,y,s,m,m,s,d,d
"2025,04 13",y,y,y,y,s,m,m,s,d,d
2052'03'11,y,y,y,y,s,m,m,s,d,d
2039'09/16,y,y,y,y,s,m,m,s,d,d
"2019'04,12",y,y,y,y,s,m,m,s,d,d
2073 04-08,y,y,y,y,s,m,m,s,d,d
"2062/02,18",y,y,y,y,s,m,m,s,d,d
"2098,11 30",y,y,y,y,s,m,m,s,d,d
2041 04'05,y,y,y,y,s,m,m,s,d,d
2085-12-22,y,y,y,y,s,m,m,s,d,d
"2086/08,29",y,y,y,y,s,m,m,s,d,d
"2032'09,29",y,y,y,y,s,m,m,s,d,d
2004/04/16,y,y,y,y,s,m,m,s,d,d
"2072,11'07",y,y,y,y,s,m,m,s,d,d
"2023 12,25",y,y,y,y,s,m,m,s,d,d
2068 04'23,y,y,y,y,s,m,m,s,d,d
"2092,09/13",y,y,y,y,s,m,m,s,d,d
2046'08-03,y,y,y,y,s,m,m,s,d,d
"2062,02,22",y,y,y,y,s,m,m,s,d,d
"2014'09,25",y,y,y,y,s,m,m,s,d,d
"2044,05-31",y,y,y,y,s,m,m,s,d,d
2023'12'11,y,y,y,y,s,m,m,s,d,d
"2059,11 16",y,y,y,y,s,m,m,s,d,d
"2023,03/24",y,y,y,y,s,m,m,s,d,d
2083/04'03,y,y,y,y,s,m,m,s,d,d
2071 03 24,y,y,y,y,s,m,m,s,d,d
2087 02 20,y,y,y,y,s,m,m,s,d,d
2007/08'05,y,y,y,y,s,m,m,s,d,d
"2011,01/27",y,y,y,y,s,m,m,s,d,d
2020-03 02,y,y,y,y,s,m,m,s,d,d
"2078,09'28",y,y,y,y,s,m,m,s,d,d
2004-05'03,y,y,y,y,s,m,m,s,d,d
2017'09-26,y,y,y,y,s,m,m,s,d,d
2074'07/31,y,y,y,y,s,m,m,s,d,d
2017-05 12,y,y,y,y,s,m,m,s,d,d
2076 04/22,y,y,y,y,s,m,m,s,d,d
2087/01'18,y,y,y,y,s,m,m,s,d,d
2038 01 24,y,y,y,y,s,m,m,s,d,d
2015'08'04,y,y,y,y,s,m,m,s,d,d
"2083,07,09",y,y,y,y,s,m,m,s,d,d
"2063,07'29",y,y,y,y,s,m,m,s,d,d
2057'12'20,y,y,y,y,s,m,m,s,d,d
2091/06'27,y,y,y,y,s,m,m,s,d,d
2014/08/29,y,y,y,y,s,m,m,s,d,d
"2097 08,02",y,y,y,y,s,m,m,s,d,d
2067-12/23,y,y,y,y,s,m,m,s,d,d
2099-09 22,y,y,y,y,s,m,m,s,d,d
2013'01-20,y,y,y,y,s,m,m,s,d,d
"jul-2,2072",m,m,m,s,d,d,d,s,y
jan'4 2031,m,m,m,s,d,d,d,s,y
mar'4/2097,m,m,m,s,d,d,d,s,y
apr-31-2000,m,m,m,s,d,d,d,s,y,y
"dece,5-2033",m,m,m,m,s,d,d,d,d,s,y
mar/12/2017,m,m,m,s,d,d,d,s,y,y
oct/27/2067,m,m,m,s,d,d,d,s,y,y
sep'12'2024,m,m,m,s,d,d,d,s,y,y
oct 1/2018,m,m,m,s,d,d,d,s,y
"aug-2,2021",m,m,m,s,d,d,d,s,y
feb'8 2031,m,m,m,s,d,d,d,s,y
sep/7/2079,m,m,m,s,d,d,d,s,y
"jun,7-2035",m,m,m,s,d,d,d,s,y
oct/26-2098,m,m,m,s,d,d,d,s,y,y
"jan,31'2023",m,m,m,s,d,d,d,s,y,y
"feb,4 2081",m,m,m,s,d,d,d,s,y
feb-31 2048,m,m,m,s,d,d,d,s,y,y
jun-8 2082,m,m,m,s,d,d,d,s,y
"nov 4,2052",m,m,m,s,d,d,d,s,y
jul-26 2032,m,m,m,s,d,d,d,s,y,y
may/27'2005,m,m,m,s,d,d,d,s,y,y
oct/13'2085,m,m,m,s,d,d,d,s,y,y
sep 6/2065,m,m,m,s,d,d,d,s,y
nov/20'2086,m,m,m,s,d,d,d,s,y,y
"apr/23,2009",m,m,m,s,d,d,d,s,y,y
"oct/10,2078",m,m,m,s,d,d,d,s,y,y
dece-3 2012,m,m,m,m,s,d,d,d,d,s,y
sep/19-2095,m,m,m,s,d,d,d,s,y,y
aug-1'2041,m,m,m,s,d,d,d,s,y
"aug,22'2003",m,m,m,s,d,d,d,s,y,y
"oct-2,2016",m,m,m,s,d,d,d,s,y
jun/27-2081,m,m,m,s,d,d,d,s,y,y
oct 21 2081,m,m,m,s,d,d,d,s,y,y
sep-12/2018,m,m,m,s,d,d,d,s,y,y
"mar/20,2093",m,m,m,s,d,d,d,s,y,y
dece-28'2063,m,m,m,m,s,d,d,d,d,s,y,y
sep-24/2008,m,m,m,s,d,d,d,s,y,y
jul 16'2046,m,m,m,s,d,d,d,s,y,y
"sep/5,2014",m,m,m,s,d,d,d,s,y
may/7-2022,m,m,m,s,d,d,d,s,y
jan 17/2026,m,m,m,s,d,d,d,s,y,y
jun/14'2005,m,m,m,s,d,d,d,s,y,y
"nov'12,2007",m,m,m,s,d,d,d,s,y,y
"jun-8,2054",m,m,m,s,d,d,d,s,y
oct 3 2073,m,m,m,s,d,d,d,s,y
mar'1'2016,m,m,m,s,d,d,d,s,y
jun/15 2095,m,m,m,s,d,d,d,s,y,y
feb 29'2098,m,m,m,s,d,d,d,s,y,y
nov/27/2042,m,m,m,s,d,d,d,s,y,y
dece 7'2005,m,m,m,m,s,d,d,d,d,s,y
may'06'2013,m,m,m,s,d,d,s,y,y,y,y
"jul,07,2049",m,m,m,s,d,d,s,y,y,y,y
dece-05/2094,m,m,m,s,d,d,s,y,y,y,y
nov/24-2047,m,m,m,s,d,d,s,y,y,y,y
"oct-29,2083",m,m,m,s,d,d,s,y,y,y,y
aug-24'2021,m,m,m,s,d,d,s,y,y,y,y
"dece 16,2005",m,m,m,s,d,d,s,y,y,y,y
feb-12 2041,m,m,m,s,d,d,s,y,y,y,y
mar/17-2087,m,m,m,s,d,d,s,y,y,y,y
mar 04'2074,m,m,m,s,d,d,s,y,y,y,y
sep'23/2073,m,m,m,s,d,d,s,y,y,y,y
"oct,10 2010",m,m,m,s,d,d,s,y,y,y,y
dece 28-2099,m,m,m,s,d,d,s,y,y,y,y
jul/31/2090,m,m,m,s,d,d,s,y,y,y,y
"jan,23/2058",m,m,m,s,d,d,s,y,y,y,y
aug/05-2083,m,m,m,s,d,d,s,y,y,y,y
oct'16/2099,m,m,m,s,d,d,s,y,y,y,y
feb'11-2034,m,m,m,s,d,d,s,y,y,y,y
oct-05'2057,m,m,m,s,d,d,s,y,y,y,y
jan 23 2037,m,m,m,s,d,d,s,y,y,y,y
apr'12 2095,m,m,m,s,d,d,s,y,y,y,y
"dece,24'2093",m,m,m,s,d,d,s,y,y,y,y
aug'23'2033,m,m,m,s,d,d,s,y,y,y,y
oct-28-2020,m,m,m,s,d,d,s,y,y,y,y
mar/20-2080,m,m,m,s,d,d,s,y,y,y,y
oct'07-2086,m,m,m,s,d,d,s,y,y,y,y
"mar'01,2034",m,m,m,s,d,d,s,y,y,y,y
"sep-23,2082",m,m,m,s,d,d,s,y,y,y,y
aug/04'2047,m,m,m,s,d,d,s,y,y,y,y
dece 23/2092,m,m,m,s,d,d,s,y,y,y,y
"jul,30-2096",m,m,m,s,d,d,s,y,y,y,y
"mar,11'2058",m,m,m,s,d,d,s,y,y,y,y
mar-31'2059,m,m,m,s,d,d,s,y,y,y,y
"feb'27,2037",m,m,m,s,d,d,s,y,y,y,y
may/06/2081,m,m,m,s,d,d,s,y,y,y,y
sep/05 2047,m,m,m,s,d,d,s,y,y,y,y
oct'16-2095,m,m,m,s,d,d,s,y,y,y,y
aug/19 2048,m,m,m,s,d,d,s,y,y,y,y
"aug,03,2089",m,m,m,s,d,d,s,y,y,y,y
"oct,02'2095",m,m,m,s,d,d,s,y,y,y,y
jun'03-2059,m,m,m,s,d,d,s,y,y,y,y
"apr,26/2100",m,m,m,s,d,d,s,y,y,y,y
jul-30 2068,m,m,m,s,d,d,s,y,y,y,y
"jan/18,2043",m,m,m,s,d,d,s,y,y,y,y
jan-11/2030,m,m,m,s,d,d,s,y,y,y,y
jun 29/2045,m,m,m,s,d,d,s,y,y,y,y
apr'23-2054,m,m,m,s,d,d,s,y,y,y,y
sep 11'2014,m,m,m,s,d,d,s,y,y,y,y
may 28 2027,m,m,m,s,d,d,s,y,y,y,y
"jan,31 2092",m,m,m,s,d,d,s,y,y,y,y
20/dece-2053,d,d,d,d,s,m,m,m,m,s,y,y
"8,feb-2062",d,d,d,s,m,m,m,s,y
"11 dece,2006",d,d,d,d,s,m,m,m,m,s,y,y
23-jul-2086,d,d,d,s,m,m,m,s,y,y
"30'jan,2040",d,d,d,s,m,m,m,s,y,y
18 jun/2016,d,d,d,s,m,m,m,s,y,y
"1,sep,2083",d,d,d,s,m,m,m,s,y
"19'aug,2060",d,d,d,s,m,m,m,s,y,y
"1 aug,2046",d,d,d,s,m,m,m,s,y
"15,nov'2016",d,d,d,s,m,m,m,s,y,y
"4 jul,2089",d,d,d,s,m,m,m,s,y
10'mar-2001,d,d,d,s,m,m,m,s,y,y
18 aug'2064,d,d,d,s,m,m,m,s,y,y
"4,aug/2083",d,d,d,s,m,m,m,s,y
9-nov'2063,d,d,d,s,m,m,m,s,y
"12,sep 2054",d,d,d,s,m,m,m,s,y,y
14'apr-2093,d,d,d,s,m,m,m,s,y,y
27-jan 2018,d,d,d,s,m,m,m,s,y,y
15 feb'2006,d,d,d,s,m,m,m,s,y,y
7/jan/2062,d,d,d,s,m,m,m,s,y
1'dece'2097,d,d,d,d,s,m,m,m,m,s,y
19 apr-2022,d,d,d,s,m,m,m,s,y,y
7/aug/2069,d,d,d,s,m,m,m,s,y
21/sep 2055,d,d,d,s,m,m,m,s,y,y
22'aug 2064,d,d,d,s,m,m,m,s,y,y
31-nov 2028,d,d,d,s,m,m,m,s,y,y
30-apr-2062,d,d,d,s,m,m,m,s,y,y
"4/jun,2054",d,d,d,s,m,m,m,s,y
21-feb/2095,d,d,d,s,m,m,m,s,y,y
"21/dece,2032",d,d,d,d,s,m,m,m,m,s,y,y
17 oct 2093,d,d,d,s,m,m,m,s,y,y
10-sep/2035,d,d,d,s,m,m,m,s,y,y
"14,oct 2078",d,d,d,s,m,m,m,s,y,y
1 apr-2016,d,d,d,s,m,m,m,s,y
"1,feb/2032",d,d,d,s,m,m,m,s,y
"16/jun,2067",d,d,d,s,m,m,m,s,y,y
13 jul/2048,d,d,d,s,m,m,m,s,y,y
"12,may'2095",d,d,d,s,m,m,m,s,y,y
7'oct-2087,d,d,d,s,m,m,m,s,y
3 nov-2063,d,d,d,s,m,m,m,s,y
27-sep-2011,d,d,d,s,m,m,m,s,y,y
12'jul'2003,d,d,d,s,m,m,m,s,y,y
6'oct 2040,d,d,d,s,m,m,m,s,y
9'mar 2039,d,d,d,s,m,m,m,s,y
"11,jun-2032",d,d,d,s,m,m,m,s,y,y
"23-apr,2012",d,d,d,s,m,m,m,s,y,y
8'mar'2077,d,d,d,s,m,m,m,s,y
"5,feb-2026",d,d,d,s,m,m,m,s,y
17/jan/2025,d,d,d,s,m,m,m,s,y,y
29 apr 2030,d,d,d,s,m,m,m,s,y,y
"16,jul-2001",d,d,s,m,m,m,s,y,y,y,y
"22,aug 2045",d,d,s,m,m,m,s,y,y,y,y
"15'feb,2048",d,d,s,m,m,m,s,y,y,y,y
"04,jul/2047",d,d,s,m,m,m,s,y,y,y,y
"05,dece-2082",d,d,s,m,m,m,s,y,y,y,y
24 jan 2056,d,d,s,m,m,m,s,y,y,y,y
10 aug 2007,d,d,s,m,m,m,s,y,y,y,y
29-jun/2036,d,d,s,m,m,m,s,y,y,y,y
"23 nov,2057",d,d,s,m,m,m,s,y,y,y,y
01-dece'2065,d,d,s,m,m,m,s,y,y,y,y
01/mar'2032,d,d,s,m,m,m,s,y,y,y,y
12/apr-2018,d,d,s,m,m,m,s,y,y,y,y
"24,jun-2003",d,d,s,m,m,m,s,y,y,y,y
02 may'2053,d,d,s,m,m,m,s,y,y,y,y
09'nov'2084,d,d,s,m,m,m,s,y,y,y,y
29'feb/2049,d,d,s,m,m,m,s,y,y,y,y
"12,aug/2041",d,d,s,m,m,m,s,y,y,y,y
"07 jul,2027",d,d,s,m,m,m,s,y,y,y,y
21/feb-2036,d,d,s,m,m,m,s,y,y,y,y
31 jul'2044,d,d,s,m,m,m,s,y,y,y,y
14-mar'2063,d,d,s,m,m,m,s,y,y,y,y
31/jul-2078,d,d,s,m,m,m,s,y,y,y,y
31'jun 2057,d,d,s,m,m,m,s,y,y,y,y
"27,sep 2038",d,d,s,m,m,m,s,y,y,y,y
11'jul 2058,d,d,s,m,m,m,s,y,y,y,y
"30'jun,2048",d,d,s,m,m,m,s,y,y,y,y
"16,jan'2057",d,d,s,m,m,m,s,y,y,y,y
31'may/2095,d,d,s,m,m,m,s,y,y,y,y
11 dece-2030,d,d,s,m,m,m,s,y,y,y,y
03/jun-2027,d,d,s,m,m,m,s,y,y,y,y
"21-jan,2066",d,d,s,m,m,m,s,y,y,y,y
21 jul'2097,d,d,s,m,m,m,s,y,y,y,y
"05/apr,2021",d,d,s,m,m,m,s,y,y,y,y
25-nov-2097,d,d,s,m,m,m,s,y,y,y,y
11-mar 2058,d,d,s,m,m,m,s,y,y,y,y
"20/feb,2064",d,d,s,m,m,m,s,y,y,y,y
02 oct'2021,d,d,s,m,m,m,s,y,y,y,y
09/feb/2086,d,d,s,m,m,m,s,y,y,y,y
11/dece-2017,d,d,s,m,m,m,s,y,y,y,y
02/mar 2078,d,d,s,m,m,m,s,y,y,y,y
"11,mar/2038",d,d,s,m,m,m,s,y,y,y,y
29-feb-2076,d,d,s,m,m,m,s,y,y,y,y
09/nov 2057,d,d,s,m,m,m,s,y,y,y,y
15 jun'2057,d,d,s,m,m,m,s,y,y,y,y
"06 sep,2065",d,d,s,m,m,m,s,y,y,y,y
"29,aug 2011",d,d,s,m,m,m,s,y,y,y,y
14/nov'2001,d,d,s,m,m,m,s,y,y,y,y
16/apr/2085,d,d,s,m,m,m,s,y,y,y,y
29/apr 2047,d,d,s,m,m,m,s,y,y,y,y
"13,aug-2082",d,d,s,m,m,m,s,y,y,y,y
"2090/aug,11",y,y,y,s,m,m,m,s,d,d
"2026 may,1",y,y,y,s,m,m,m,s,d
"2017 apr,28",y,y,y,s,m,m,m,s,d,d
2066/sep'30,y,y,y,s,m,m,m,s,d,d
2095 mar-27,y,y,y,s,m,m,m,s,d,d
"2035,jul/13",y,y,y,s,m,m,m,s,d,d
2002'mar-10,y,y,y,s,m,m,m,s,d,d
2092-sep-1,y,y,y,s,m,m,m,s,d
"2038,jul/21",y,y,y,s,m,m,m,s,d,d
2046/nov'13,y,y,y,s,m,m,m,s,d,d
"2058/oct,28",y,y,y,s,m,m,m,s,d,d
"2036'apr,25",y,y,y,s,m,m,m,s,d,d
2064'may'2,y,y,y,s,m,m,m,s,d
"2066,sep,23",y,y,y,s,m,m,m,s,d,d
2082 jun'16,y,y,y,s,m,m,m,s,d,d
2091 feb-14,y,y,y,s,m,m,m,s,d,d
2008 sep-22,y,y,y,s,m,m,m,s,d,d
2008/oct-24,y,y,y,s,m,m,m,s,d,d
"2047,nov/5",y,y,y,s,m,m,m,s,d
"2050,dece/4",y,y,y,y,s,m,m,m,m,s,d
"2006,dece,28",y,y,y,y,s,m,m,m,m,s,d,d
2039 oct/24,y,y,y,s,m,m,m,s,d,d
2017 apr 6,y,y,y,s,m,m,m,s,d
2010-jun-13,y,y,y,s,m,m,m,s,d,d
"2066-jun,4",y,y,y,s,m,m,m,s,d
2025'oct 12,y,y,y,s,m,m,m,s,d,d
"2074,apr-18",y,y,y,s,m,m,m,s,d,d
2036 aug-23,y,y,y,s,m,m,m,s,d,d
2092 may-10,y,y,y,s,m,m,m,s,d,d
"2080,may-22",y,y,y,s,m,m,m,s,d,d
2000'mar-8,y,y,y,s,m,m,m,s,d
2049'jan'7,y,y,y,s,m,m,m,s,d
2046 may 12,y,y,y,s,m,m,m,s,d,d
"2065/jan,11",y,y,y,s,m,m,m,s,d,d
"2053-mar,3",y,y,y,s,m,m,m,s,d
2090'mar/6,y,y,y,s,m,m,m,s,d
2012-nov/3,y,y,y,s,m,m,m,s,d
2081/may-2,y,y,y,s,m,m,m,s,d
"2021'sep,24",y,y,y,s,m,m,m,s,d,d
2076-jul'24,y,y,y,s,m,m,m,s,d,d
"2054/jan,23",y,y,y,s,m,m,m,s,d,d
"2083,may-11",y,y,y,s,m,m,m,s,d,d
"2085,aug/13",y,y,y,s,m,m,m,s,d,d
2019 feb'20,y,y,y,s,m,m,m,s,d,d
2074 feb 17,y,y,y,s,m,m,m,s,d,d
2039 jun-7,y,y,y,s,m,m,m,s,d
2086/feb/23,y,y,y,s,m,m,m,s,d,d
2016-nov 7,y,y,y,s,m,m,m,s,d
2098'apr/24,y,y,y,s,m,m,m,s,d,d
2093/jul'29,y,y,y,s,m,m,m,s,d,d
2025 jan/19,y,y,y,y,s,m,m,m,s,d,d
2060-aug 20,y,y,y,y,s,m,m,m,s,d,d
2051'aug'18,y,y,y,y,s,m,m,m,s,d,d
2013'may-30,y,y,y,y,s,m,m,m,s,d,d
"2093,nov 06",y,y,y,y,s,m,m,m,s,d,d
2024-aug 06,y,y,y,y,s,m,m,m,s,d,d
2067-jun 19,y,y,y,y,s,m,m,m,s,d,d
2015/nov-12,y,y,y,y,s,m,m,m,s,d,d
2068'sep 24,y,y,y,y,s,m,m,m,s,d,d
"2078-oct,26",y,y,y,y,s,m,m,m,s,d,d
2019 dece/21,y,y,y,y,s,m,m,m,s,d,d
2039-may'01,y,y,y,y,s,m,m,m,s,d,d
2082-oct-14,y,y,y,y,s,m,m,m,s,d,d
2067'may'23,y,y,y,y,s,m,m,m,s,d,d
2038-apr 19,y,y,y,y,s,m,m,m,s,d,d
2024 dece-09,y,y,y,y,s,m,m,m,s,d,d
2001 aug 06,y,y,y,y,s,m,m,m,s,d,d
2009-may 05,y,y,y,y,s,m,m,m,s,d,d
2061'aug'18,y,y,y,y,s,m,m,m,s,d,d
2016/mar 11,y,y,y,y,s,m,m,m,s,d,d
2015'aug/06,y,y,y,y,s,m,m,m,s,d,d
"2054,mar-17",y,y,y,y,s,m,m,m,s,d,d
"2068 nov,25",y,y,y,y,s,m,m,m,s,d,d
"2000 dece,02",y,y,y,y,s,m,m,m,s,d,d
2026-feb-10,y,y,y,y,s,m,m,m,s,d,d
2075 may 22,y,y,y,y,s,m,m,m,s,d,d
2071'nov 03,y,y,y,y,s,m,m,m,s,d,d
2043-may/24,y,y,y,y,s,m,m,m,s,d,d
2077 dece-28,y,y,y,y,s,m,m,m,s,d,d
2080/mar-29,y,y,y,y,s,m,m,m,s,d,d
2079'jun/23,y,y,y,y,s,m,m,m,s,d,d
2052-aug/02,y,y,y,y,s,m,m,m,s,d,d
"2084,feb,05",y,y,y,y,s,m,m,m,s,d,d
2056 jun-01,y,y,y,y,s,m,m,m,s,d,d
2085/jan 28,y,y,y,y,s,m,m,m,s,d,d
2064'mar-30,y,y,y,y,s,m,m,m,s,d,d
"2060,mar'16",y,y,y,y,s,m,m,m,s,d,d
2061'oct-01,y,y,y,y,s,m,m,m,s,d,d
"2096 feb,21",y,y,y,y,s,m,m,m,s,d,d
2097-may 12,y,y,y,y,s,m,m,m,s,d,d
2058-jun'25,y,y,y,y,s,m,m,m,s,d,d
2065'apr 01,y,y,y,y,s,m,m,m,s,d,d
2012 nov/04,y,y,y,y,s,m,m,m,s,d,d
"2072,aug'03",y,y,y,y,s,m,m,m,s,d,d
2034'nov'31,y,y,y,y,s,m,m,m,s,d,d
2099'feb 20,y,y,y,y,s,m,m,m,s,d,d
"2017,nov/08",y,y,y,y,s,m,m,m,s,d,d
2088 oct-06,y,y,y,y,s,m,m,m,s,d,d
2099/nov/29,y,y,y,y,s,m,m,m,s,d,d
2020/oct/15,y,y,y,y,s,m,m,m,s,d,d
"9 august,2085",d,s,m,m,m,m,m,m,s,y,y,y,y
"21 march,2047",d,d,s,m,m,m,m,m,s,y,y,y,y
"13 december,2006",d,d,s,m,m,m,m,m,m,m,m,s,y,y,y,y
"13 january,2092",d,d,s,m,m,m,m,m,m,m,s,y,y,y,y
"12 may,2077",d,d,s,m,m,m,s,y,y,y,y
"6 april,2080",d,s,m,m,m,m,m,s,y,y,y,y
"16 february,2056",d,d,s,m,m,m,m,m,m,m,m,s,y,y,y,y
"7 august,2019",d,s,m,m,m,m,m,m,s,y,y,y,y
"9 july,2048",d,s,m,m,m,m,s,y,y,y,y
"21 december,2016",d,d,s,m,m,m,m,m,m,m,m,s,y,y,y,y
"24 december,2090",d,d,s,m,m,m,m,m,m,m,m,s,y,y,y,y
"5 july,2003",d,s,m,m,m,m,s,y,y,y,y
"28 august,2046",d,d,s,m,m,m,m,m,m,s,y,y,y,y
"22 may,2035",d,d,s,m,m,m,s,y,y,y,y
"1 july,2093",d,s,m,m,m,m,s,y,y,y,y
"9 february,2080",d,s,m,m,m,m,m,m,m,m,s,y,y,y,y
"31 november,2039",d,d,s,m,m,m,m,m,m,m,m,s,y,y,y,y
"1 july,2035",d,s,m,m,m,m,s,y,y,y,y
"9 september,2086",d,s,m,m,m,m,m,m,m,m,m,s,y,y,y,y
"10 november,2072",d,d,s,m,m,m,m,m,m,m,m,s,y,y,y,y
"27 january,2090",d,d,s,m,m,m,m,m,m,m,s,y,y,y,y
"23 january,2076",d,d,s,m,m,m,m,m,m,m,s,y,y,y,y
"30 june,2099",d,d,s,m,m,m,m,s,y,y,y,y
"19 march,2058",d,d,s,m,m,m,m,m,s,y,y,y,y
"31 february,2052",d,d,s,m,m,m,m,m,m,m,m,s,y,y,y,y
"1 june,2010",d,s,m,m,m,m,s,y,y,y,y
"8 july,2096",d,s,m,m,m,m,s,y,y,y,y
"31 november,2047",d,d,s,m,m,m,m,m,m,m,m,s,y,y,y,y
"16 november,2027",d,d,s,m,m,m,m,m,m,m,m,s,y,y,y,y
"10 february,2097",d,d,s,m,m,m,m,m,m,m,m,s,y,y,y,y
"14 october,2095",d,d,s,m,m,m,m,m,m,m,s,y,y,y,y
"6 may,2002",d,s,m,m,m,s,y,y,y,y
"14 august,2100",d,d,s,m,m,m,m,m,m,s,y,y,y,y
"15 november,2038",d,d,s,m,m,m,m,m,m,m,m,s,y,y,y,y
"4 january,2033",d,s,m,m,m,m,m,m,m,s,y,y,y,y
"7 february,2097",d,s,m,m,m,m,m,m,m,m,s,y,y,y,y
"6 august,2076",d,s,m,m,m,m,m,m,s,y,y,y,y
"17 may,2037",d,d,s,m,m,m,s,y,y,y,y
"7 november,2065",d,s,m,m,m,m,m,m,m,m,s,y,y,y,y
"5 july,2010",d,s,m,m,m,m,s,y,y,y,y
"9 october,2059",d,s,m,m,m,m,m,m,m,s,y,y,y,y
"11 september,2008",d,d,s,m,m,m,m,m,m,m,m,m,s,y,y,y,y
"22 july,2014",d,d,s,m,m,m,m,s,y,y,y,y
"23 may,2098",d,d,s,m,m,m,s,y,y,y,y
"24 march,2057",d,d,s,m,m,m,m,m,s,y,y,y,y
"9 may,2028",d,s,m,m,m,s,y,y,y,y
"23 july,2003",d,d,s,m,m,m,m,s,y,y,y,y
"7 march,2052",d,s,m,m,m,m,m,s,y,y,y,y
"1 august,2075",d,s,m,m,m,m,m,m,s,y,y,y,y
"7 march,2022",d,s,m,m,m,m,m,s,y,y,y,y
